entry_time,exit_time,type,entry,sl,tp,exit,profit,r_multiple,reason_for_exit,stoch_k,stoch_d,adx,atr,swing_low,swing_high
2026-06-18 08:40:00+00:00,2026-06-18 08:55:00+00:00,SELL,64586.0,64663.648823246855,64430.70235350629,64430.70235350629,0.8355213096720977,0.8355213096720977,TP,81.88469445970502,84.00632384467606,38.40377693941726,84.49411623427712,64524.0,64646.75
2026-06-18 22:50:00+00:00,2026-06-19 03:10:00+00:00,BUY,62865.99,62726.66247010743,63144.64505978513,62726.66247010743,-1.6316941531071838,-1.6316941531071838,SL,34.24067098978784,23.643513033422128,29.34362308147862,76.68764946285326,62742.0,62865.99
2026-06-20 07:05:00+00:00,2026-06-20 07:20:00+00:00,SELL,63655.99,63773.44371077841,63421.08257844317,63773.44371077841,-1.758753260406818,-1.758753260406818,SL,63.39939629251529,83.36393371173035,37.780790926486354,57.268553892063814,63638.0,63761.99
2026-06-25 22:15:00+00:00,2026-06-26 02:10:00+00:00,SELL,59887.05,60300.747301345466,59059.65539730908,59059.65539730908,1.7973352261972169,1.7973352261972169,TP,66.87791076207291,79.6629239818141,28.285597371355323,134.68650672732156,59879.66,60273.81
2026-06-29 18:00:00+00:00,2026-06-30 00:30:00+00:00,SELL,60413.99,60716.13545922107,59809.699081557854,59809.699081557854,1.7200699748457404,1.7200699748457404,TP,78.48959412890567,83.89176008061649,35.725337457851516,161.47729610537115,60404.0,60683.84
2026-06-30 04:35:00+00:00,2026-06-30 05:10:00+00:00,BUY,59664.0,59415.75204952331,60160.49590095338,59415.75204952331,-1.3364764939231337,-1.3364764939231337,SL,26.640773910450815,16.73629389614832,34.25606014875892,88.03975238344087,59433.36,59664.0
2026-06-30 20:25:00+00:00,2026-07-01 00:25:00+00:00,SELL,58720.34,58894.40174152382,58372.21651695235,58372.21651695235,1.5277050816548994,1.5277050816548994,TP,68.78446028560226,83.91772911474978,33.657417179627416,97.0587076191003,58689.6,58874.99
2026-07-01 11:15:00+00:00,2026-07-01 11:55:00+00:00,BUY,58706.0,58572.79012841343,58972.419743173145,58572.79012841343,-1.6169843046998682,-1.6169843046998682,SL,24.571597883166376,17.66977495177732,27.895038594802934,76.04935793284365,58588.0,58742.94
2026-07-02 07:55:00+00:00,2026-07-02 08:05:00+00:00,BUY,60144.33,60087.25555884817,60258.478882303665,60258.478882303665,0.524697565132485,0.524697565132485,TP,10.2420466199401,7.580566152534968,27.848571677814327,87.17220575916113,60104.69,60227.9
2026-07-03 02:00:00+00:00,2026-07-03 05:35:00+00:00,SELL,61588.0,61750.7588244035,61262.482351193,61750.7588244035,-1.5297605233756286,-1.5297605233756286,SL,75.63612235616914,81.92121172458003,27.941384660741196,88.24412201750683,61588.0,61733.11
2025-07-22 23:35:00+00:00,2025-07-23 00:25:00+00:00,SELL,120060.04,120273.56293968578,119632.99412062841,119632.99412062841,1.2128056299367924,1.2128056299367924,TP,75.07624271933697,85.97179226501568,25.78796202571451,128.81469842892528,119966.39,120247.8
2025-07-23 04:15:00+00:00,2025-07-23 06:15:00+00:00,BUY,118706.64,118511.14360405681,119097.63279188638,118511.14360405681,-1.8500887967688784,-1.8500887967688784,SL,23.642064894135178,16.455096417857575,29.802369840159628,109.08197971602827,118532.96,118750.07
2025-07-24 10:50:00+00:00,2025-07-24 14:10:00+00:00,BUY,118292.96,117925.02308391953,119028.83383216096,117925.02308391953,-1.4501047238319964,-1.4501047238319964,SL,29.098366734844813,15.895859827306017,24.142633448773417,152.83458040233694,117955.59,118330.78
2025-07-24 15:25:00+00:00,2025-07-25 00:35:00+00:00,SELL,118920.0,119494.3295857043,117771.3408285914,117771.3408285914,1.7101176673741496,1.7101176673741496,TP,78.1181489670451,87.14206079142356,29.05087612207777,221.6479285215091,118880.0,119450.0
2025-07-25 01:40:00+00:00,2025-07-25 01:50:00+00:00,BUY,117514.28,117300.60895885428,117941.62208229143,117300.60895885428,-1.7699685980740951,-1.7699685980740951,SL,21.756970121964898,13.906028320968455,32.906422266281865,133.4052057285643,117327.29,117703.26
2025-07-25 15:15:00+00:00,2025-07-25 17:05:00+00:00,BUY,115341.47,114853.39019310624,116317.62961378752,116317.62961378752,1.6691564458942072,1.6691564458942072,TP,27.45594646338583,16.92441147384612,27.530304449283793,273.04903446875454,114908.0,115421.77
2025-07-27 16:55:00+00:00,2025-07-27 22:05:00+00:00,SELL,119133.62,119573.87872937592,118253.10254124814,119573.87872937592,-1.3788387529224524,-1.3788387529224524,SL,78.16967375295097,87.24253863240024,33.56034289946588,169.3436468796162,119133.6,119540.01
2025-07-31 03:20:00+00:00,2025-07-31 03:50:00+00:00,SELL,118424.0,118538.44417419143,118195.11165161713,118538.44417419143,-2.4486853627225447,-2.4486853627225447,SL,78.62623427358757,82.42482733404091,33.81196173543878,90.62087095713267,117981.02,118520.32
2025-08-01 07:05:00+00:00,2025-08-01 07:05:00+00:00,BUY,115146.42,115036.87321621695,115365.5135675661,115036.87321621695,-2.471562947199381,-2.471562947199381,SL,15.796441217049269,12.602230508617248,29.42677873655041,143.38391891529545,115065.55,115300.0
2025-08-01 07:55:00+00:00,2025-08-01 07:55:00+00:00,BUY,114760.0,114602.60723883954,115074.78552232092,115074.78552232092,0.9792160782019348,0.9792160782019348,TP,22.862741569439546,15.491042805699395,34.56443189568466,152.86380580229678,114633.18,114892.85
2025-08-01 13:25:00+00:00,2025-08-01 13:40:00+00:00,SELL,115744.14,116059.4299558989,115113.5600882022,115113.5600882022,1.4860546840510223,1.4860546840510223,TP,73.22626271843728,80.00130237075236,35.22123143019799,200.64977949447118,115525.47,116019.3
2025-08-04 08:05:00+00:00,2025-08-04 08:25:00+00:00,SELL,114732.0,114794.57929947047,114606.84140105906,114606.84140105906,-0.5667401418547535,-0.5667401418547535,TP,81.01372539425695,86.80187989409808,36.77682680056695,80.39649735232481,114608.41,114778.5
2025-08-06 01:45:00+00:00,2025-08-06 02:10:00+00:00,BUY,113792.91,113566.16639674078,114246.39720651845,113566.16639674078,-1.702600080928721,-1.702600080928721,SL,32.382907542577954,20.534569029304325,25.73929868033267,113.01801629614576,113588.77,113877.5
2025-08-06 04:30:00+00:00,2025-08-06 04:35:00+00:00,BUY,113464.21,113369.74908265477,113653.13183469047,113369.74908265477,-2.681646743059239,-2.681646743059239,SL,31.04529627790782,20.81084654796124,36.81252890155086,85.70458672615258,113386.89,113494.11
2025-08-09 09:50:00+00:00,2025-08-09 09:55:00+00:00,SELL,117287.99,117457.37611017562,116949.21777964877,117457.37611017562,-1.9694017167626936,-1.9694017167626936,SL,77.52623346488976,80.22344227921404,38.42882317975851,102.28055087812477,117234.99,117436.92
2025-08-12 05:55:00+00:00,2025-08-12 09:55:00+00:00,BUY,118759.99,118401.46435698487,119477.04128603027,118401.46435698487,-1.4637436379773296,-1.4637436379773296,SL,29.473540643753662,16.81662045029236,24.434354519912436,116.97821507562055,118424.86,118760.0
2025-08-12 13:10:00+00:00,2025-08-12 13:30:00+00:00,SELL,118994.41,119345.79555056011,118291.63889887978,119345.79555056011,-1.474100809593484,-1.474100809593484,SL,77.67513773228576,84.1808597542549,28.009601189915198,194.4277528005219,118806.69,119306.91
2025-08-13 15:40:00+00:00,2025-08-13 19:50:00+00:00,BUY,121060.98,120243.64522840656,122695.64954318687,122695.64954318687,1.792636532923248,1.792636532923248,TP,30.112264081429615,19.93890130455537,24.620237523405223,330.42385796716195,120309.73,121060.98
2025-08-15 07:00:00+00:00,2025-08-15 07:35:00+00:00,SELL,119082.83,119238.1556765953,118772.1786468094,118772.1786468094,0.9266683676879766,0.9266683676879766,TP,83.13277427122188,90.12837306496067,25.350133292284738,106.67838297647437,119066.75,119216.82
2025-08-15 14:10:00+00:00,2025-08-15 14:45:00+00:00,BUY,118146.54,117604.01134440268,119231.59731119462,117604.01134440268,-1.3048781926880744,-1.3048781926880744,SL,28.77581746646878,14.736569962485888,38.1262194251703,201.99327798659098,117644.41,118159.62
2025-08-18 13:45:00+00:00,2025-08-18 15:35:00+00:00,SELL,115368.01,115766.89543963864,114570.2391207227,115766.89543963864,-1.4049162941277538,-1.4049162941277538,SL,72.5800561476734,84.95282098218024,30.42669259565356,151.77719819325935,115286.13,115736.54
2025-08-19 00:05:00+00:00,2025-08-19 00:20:00+00:00,BUY,116281.34,116067.6691936858,116708.6816126284,116067.6691936858,-1.7618910547874012,-1.7618910547874012,SL,29.54884742942617,18.151225071749714,27.934707986630062,106.6540315710273,116089.0,116299.0
2025-08-19 09:55:00+00:00,2025-08-19 10:20:00+00:00,SELL,115345.25,115511.64063614815,115012.4687277037,115511.64063614815,-1.9705074380280623,-1.9705074380280623,SL,77.78807256144982,85.07646882245778,27.317354181282933,116.85318074074144,115270.29,115488.27
2025-08-20 15:45:00+00:00,2025-08-20 17:45:00+00:00,SELL,113910.41,114380.46717646897,112970.29564706207,114380.46717646897,-1.339266331806613,-1.339266331806613,SL,73.00989694677214,84.75859292547317,31.133009716273182,270.58588234479805,113910.4,114326.35
2025-08-22 02:50:00+00:00,2025-08-22 03:50:00+00:00,SELL,113382.7,113551.40231765309,113045.29536469381,113045.29536469381,1.0590776569743836,1.0590776569743836,TP,78.80663622222396,82.78272105762461,36.72325218373721,132.01158826543633,113227.53,113525.0
2025-08-25 11:25:00+00:00,2025-08-25 12:25:00+00:00,BUY,111121.58,110895.28778065722,111574.16443868556,111574.16443868556,1.3125251391681867,1.3125251391681867,TP,22.57291392986374,18.119148659861207,28.94589369592338,170.96109671385784,110929.48,111159.05
2025-08-26 19:45:00+00:00,2025-08-26 20:10:00+00:00,SELL,110834.18,111181.44814359909,110139.6437128018,111181.44814359909,-1.44682431965062,-1.44682431965062,SL,68.43090711453182,80.73590179972093,37.90637887618177,169.74071799547866,110830.1,111147.5
2025-08-26 22:30:00+00:00,2025-08-26 23:00:00+00:00,SELL,111642.28,111972.77800998623,110981.28398002754,111972.77800998623,-1.4729202212337447,-1.4729202212337447,SL,76.75416098765338,86.02700582833886,34.4393480146588,135.44004993113384,111627.13,111945.69
2025-09-01 06:05:00+00:00,2025-09-01 06:20:00+00:00,SELL,107675.23,108019.01998167213,106987.65003665573,108019.01998167213,-1.4384808459711413,-1.4384808459711413,SL,74.88985982159147,81.43819406517424,31.74961205060916,158.09990836070398,107675.23,107987.4
2025-09-02 14:55:00+00:00,2025-09-02 18:45:00+00:00,SELL,111291.99,111835.00473567775,110205.96052864451,110205.96052864451,1.713067112616138,1.713067112616138,TP,78.27134394768335,85.39584679374985,39.558165770664104,317.4236783887465,111224.0,111771.52
2025-09-03 08:30:00+00:00,2025-09-03 09:55:00+00:00,SELL,111115.12,111301.79579699182,110741.76840601634,111301.79579699182,-1.8333226401428577,-1.8333226401428577,SL,81.20507390190515,85.96778742405444,25.959872281434148,111.5789849591077,111054.0,111279.48
2025-09-04 04:45:00+00:00,2025-09-04 04:50:00+00:00,BUY,111133.92,111085.97061730531,111229.81876538937,111085.97061730531,-4.244827759112,-4.244827759112,SL,16.501322667219533,12.55198606753873,25.053665870205553,105.14691347346222,111107.0,111229.73
2025-09-07 02:10:00+00:00,2025-09-07 02:50:00+00:00,SELL,110488.51,110597.32586526906,110270.87826946187,110597.32586526906,-2.4215198640154485,-2.4215198640154485,SL,75.35380074086343,85.15945417438296,37.19536254326624,47.32932634524648,110488.51,110587.86
2025-09-07 18:55:00+00:00,2025-09-07 19:05:00+00:00,BUY,110967.52,110850.1486714693,111202.26265706141,111202.26265706141,0.676384344074608,0.676384344074608,TP,33.88387077115397,23.51745398600571,25.92038295777407,55.25664265350581,110861.2,110977.45
2025-09-08 15:40:00+00:00,2025-09-08 19:55:00+00:00,SELL,112643.8,112956.80448579062,112017.79102841877,112017.79102841877,1.4961691376350008,1.4961691376350008,TP,76.72767247257715,86.28476683929902,26.250834849174602,162.1724289531169,112602.27,112924.37
2025-09-08 22:30:00+00:00,2025-09-09 00:20:00+00:00,SELL,112322.71,112527.06382244668,111914.00235510666,111914.00235510666,1.2304925245964826,1.2304925245964826,TP,70.36878298741968,79.18375976064014,39.814493722558105,71.76911223335796,112315.84,112512.71
2025-09-10 02:05:00+00:00,2025-09-10 06:40:00+00:00,BUY,111245.68,110892.45028896886,111952.13942206226,111952.13942206226,1.5590859230234098,1.5590859230234098,TP,43.12814846565333,26.220762626045104,33.34343487731499,124.99855515568301,110917.45,111307.69
2025-09-12 22:05:00+00:00,2025-09-13 01:50:00+00:00,BUY,116026.02,115730.7147471417,116616.63050571662,115730.7147471417,-1.550062778862726,-1.550062778862726,SL,30.031847926271666,17.692540576472496,24.616182897532152,109.82626429146855,115752.68,116064.33
2025-09-14 09:00:00+00:00,2025-09-14 09:20:00+00:00,SELL,115933.4,115989.42766335643,115821.34467328712,115989.42766335643,-3.8969039627342834,-3.8969039627342834,SL,82.8495820556976,90.11945865786208,26.566983537745664,32.03831678215124,115904.13,115983.02
2025-09-14 14:05:00+00:00,2025-09-14 14:40:00+00:00,BUY,115401.54,115198.484992595,115807.65001480999,115198.484992595,-1.7956570885137606,-1.7956570885137606,SL,23.27461127986703,14.213809715390028,39.16248020660965,92.62503702498482,115217.01,115423.62
2025-09-14 18:00:00+00:00,2025-09-14 19:05:00+00:00,SELL,115557.65,115670.37647304249,115332.197053915,115332.197053915,0.5648383593176536,0.5648383593176536,TP,71.21236955690311,80.9668214614717,27.1013045640256,64.38236521242607,115557.65,115657.5
2025-09-17 09:00:00+00:00,2025-09-17 09:20:00+00:00,BUY,116860.01,116665.51095257122,117249.00809485755,116665.51095257122,-1.8411558625237467,-1.8411558625237467,SL,25.262239189822168,19.729212818729888,35.57545385943117,92.39523714392473,116683.99,116883.99
2025-09-18 20:00:00+00:00,2025-09-18 22:50:00+00:00,BUY,117450.21,117173.66124437557,118003.30751124887,117173.66124437557,-1.594579764529132,-1.594579764529132,SL,23.654104407625784,18.3466033955347,24.698741561435956,113.34377812213526,117196.33,117500.0
2025-09-19 15:30:00+00:00,2025-09-19 18:10:00+00:00,BUY,115800.0,115434.50124325922,116530.99751348156,115434.50124325922,-1.4435582803226303,-1.4435582803226303,SL,23.073411369040524,14.899989593853073,32.07450071237583,148.4437837039436,115464.19,115800.0
2025-09-19 18:45:00+00:00,2025-09-19 19:05:00+00:00,BUY,115596.3,115375.6247085099,116037.6505829802,115375.6247085099,-1.7333617592944688,-1.7333617592944688,SL,32.44950888410303,20.287958620036516,36.61433484413161,92.62645745043524,115394.15,115616.01
2025-09-19 23:05:00+00:00,2025-09-19 23:25:00+00:00,SELL,115596.61,115666.69996262838,115456.43007474324,115456.43007474324,-0.30896476372886417,-0.30896476372886417,TP,79.15285451197262,84.90107177205374,36.91075288767072,47.09981314188286,115580.0,115657.28
2025-09-20 06:15:00+00:00,2025-09-20 06:50:00+00:00,SELL,115625.86,115723.66738593171,115430.24522813658,115723.66738593171,-2.6550509192938287,-2.6550509192938287,SL,70.17620930345954,82.58550586326324,28.368225423514083,30.836929658527882,115625.85,115717.5
2025-09-20 07:10:00+00:00,2025-09-20 07:10:00+00:00,SELL,115719.2,115729.41163327241,115698.77673345518,115698.77673345518,-13.864933226470272,-13.864933226470272,TP,80.10288692591982,84.13149449578738,33.45063091949893,25.358166362040407,115686.76,115724.34
2025-09-21 06:40:00+00:00,2025-09-21 07:50:00+00:00,SELL,115728.56,115792.57322827932,115600.53354344136,115792.57322827932,-3.5310391048086145,-3.5310391048086145,SL,88.04537521815053,93.08124119754707,35.707386278010304,25.91614139656394,115728.56,115787.39
2025-09-25 13:20:00+00:00,2025-09-25 13:40:00+00:00,BUY,111509.21,110806.91270797644,112913.80458404713,110806.91270797644,-1.2222889021117889,-1.2222889021117889,SL,46.69965560542594,24.30510777089201,31.590371235587387,227.9364601177529,110852.5,111595.2
2025-09-26 18:00:00+00:00,2025-09-26 18:15:00+00:00,SELL,109900.0,110009.43928731447,109681.12142537106,110009.43928731447,-2.4058936582608723,-2.4058936582608723,SL,84.51386939965597,87.94093154913708,28.955461485632846,147.2464365723044,109763.92,109979.99
2025-09-26 20:10:00+00:00,2025-09-26 23:55:00+00:00,BUY,109228.29,108999.2992563133,109686.27148737338,109686.27148737338,1.332201801967916,1.332201801967916,TP,22.282386762032917,19.500961375330288,27.764018967213644,155.55371843354396,109030.41,109287.09
2025-10-04 14:00:00+00:00,2025-10-04 14:45:00+00:00,SELL,122385.42,122463.94177997945,122228.3764400411,122228.3764400411,-0.18206449274131842,-0.18206449274131842,TP,80.21918325893311,82.38660966642199,28.883461824713585,69.7088998972174,122365.76,122450.0
2025-10-04 15:50:00+00:00,2025-10-04 16:10:00+00:00,BUY,121982.71,121677.06986449653,122593.99027100696,121677.06986449653,-1.558747933149172,-1.558747933149172,SL,33.15565191021286,20.580934635679657,38.00348638037118,109.05067751737734,121698.88,121994.81
2025-10-07 09:50:00+00:00,2025-10-07 10:10:00+00:00,SELL,124134.37,124271.64576306689,123859.81847386621,124271.64576306689,-2.265978160436923,-2.265978160436923,SL,82.49488059749889,86.20274745370266,32.404890347524216,125.02881533444918,124084.57,124246.64
2025-10-10 00:45:00+00:00,2025-10-10 02:05:00+00:00,SELL,121702.07,121883.67317221157,121338.86365557689,121338.86365557689,1.0617845716840644,1.0617845716840644,TP,71.304332636718,78.99361289255647,28.617025543011234,99.66586105780765,121702.06,121863.74
2025-10-10 03:20:00+00:00,2025-10-10 07:55:00+00:00,BUY,121227.73,120871.80114454792,121939.58771090415,120871.80114454792,-1.476833556482616,-1.476833556482616,SL,36.02547013177158,20.925249691455427,34.82768383885353,140.9942772604062,120900.0,121227.73
2025-10-10 09:50:00+00:00,2025-10-10 13:00:00+00:00,SELL,121397.01,121801.6945062494,120587.64098750117,121801.6945062494,-1.4199711414087468,-1.4199711414087468,SL,67.16928421768851,81.13035225013762,26.427629007743313,123.12253124696413,121381.5,121777.07
2025-10-11 00:40:00+00:00,2025-10-11 01:20:00+00:00,BUY,112395.0,111474.07896760506,114236.84206478987,111474.07896760506,-1.1708648130131087,-1.1708648130131087,SL,22.26081517947807,18.870073514876925,30.479343622082265,731.1051619747299,111620.3,112523.19
2025-10-12 10:20:00+00:00,2025-10-12 11:35:00+00:00,SELL,111646.59,112059.54099990735,110820.6880001853,112059.54099990735,-1.378507924753952,-1.378507924753952,SL,70.41156266942075,80.63418629964248,27.772136601579383,164.55499953668044,111615.97,112026.63
2025-10-14 18:40:00+00:00,2025-10-14 19:25:00+00:00,SELL,113040.86,113508.38854250732,112105.80291498535,113508.38854250732,-1.3384974169732557,-1.3384974169732557,SL,72.2422586520948,80.57577905790772,24.887099975262323,291.94271253663186,112984.97,113450.0
2025-10-15 04:20:00+00:00,2025-10-15 08:20:00+00:00,BUY,112153.68,111706.24399932768,113048.55200134462,113048.55200134462,1.6490779647501095,1.6490779647501095,TP,32.32734950900391,20.479757308625008,34.043568887444124,202.58000336159316,111746.76,112184.0
2025-10-17 11:45:00+00:00,2025-10-17 15:55:00+00:00,SELL,105868.11,106732.2189460169,104139.8921079662,106732.2189460169,-1.1715239203149053,-1.1715239203149053,SL,75.71798181678646,81.9481271298982,34.06363418372945,404.99473008449706,105702.75,106651.22
2025-10-18 01:50:00+00:00,2025-10-18 04:05:00+00:00,SELL,107049.5,107330.81528010729,106486.86943978543,106486.86943978543,1.4672550316397899,1.4672550316397899,TP,71.67139803180797,81.59609768290366,37.962448317431665,123.77640053644788,107038.12,107306.06
2025-10-19 22:55:00+00:00,2025-10-19 23:25:00+00:00,SELL,109163.88,109394.58146148178,108702.47707703646,108702.47707703646,1.3375445867642515,1.3375445867642515,TP,79.48453782739044,83.98195280797411,31.643221788244666,117.95730740889967,109150.0,109370.99
2025-10-23 18:15:00+00:00,2025-10-23 20:55:00+00:00,SELL,110777.34,111350.5724252193,109630.87514956138,109630.87514956138,1.7294495754655426,1.7294495754655426,TP,79.20978821009844,86.8283994973969,26.0391285897385,284.8121260964993,110749.52,111293.61
2025-10-25 19:15:00+00:00,2025-10-26 00:25:00+00:00,SELL,111605.48,111744.95166024329,111326.53667951342,111744.95166024329,-2.12028258448668,-2.12028258448668,SL,76.0793095784998,83.80723201895294,28.06821972748215,65.85830121643819,111605.47,111731.78
2025-10-26 04:15:00+00:00,2025-10-26 05:35:00+00:00,BUY,111369.99,111248.17908415524,111613.61183168953,111613.61183168953,0.7199998873770537,0.7199998873770537,TP,21.999582550618285,11.607696556632462,33.826925136210924,61.354579223782274,111260.45,111370.0
2025-10-27 17:25:00+00:00,2025-10-27 17:35:00+00:00,SELL,115351.26,115668.10847293376,114717.56305413246,115668.10847293376,-1.5096813707344543,-1.5096813707344543,SL,70.30821920241715,82.75052243097203,28.437067740542656,156.24236466876997,115316.19,115636.86
2025-11-02 16:30:00+00:00,2025-11-02 22:30:00+00:00,BUY,110081.51,109708.11268431363,110828.30463137272,109708.11268431363,-1.4127349274504377,-1.4127349274504377,SL,30.215613859917152,18.423610774210374,31.0723748451436,137.38657843185072,109735.59,110081.52
2025-11-04 12:15:00+00:00,2025-11-04 13:25:00+00:00,SELL,104340.06,104678.97803409888,103662.22393180223,103662.22393180223,1.568992885290427,1.568992885290427,TP,73.37522299495647,82.16762097004141,30.18412627589975,203.44017049440305,104283.1,104638.29
2025-11-05 11:10:00+00:00,2025-11-05 12:20:00+00:00,BUY,101582.41,101246.86522386168,102253.49955227665,102253.49955227665,1.5761657337160484,1.5761657337160484,TP,30.095633638205275,18.76740185882134,29.118071180242133,191.12388069162543,101285.09,101685.89
2025-11-05 19:10:00+00:00,2025-11-05 19:15:00+00:00,SELL,104116.91,104468.62727655504,103413.47544688993,104468.62727655504,-1.414434216674573,-1.414434216674573,SL,71.24797310175462,84.41524402977585,27.695686880171017,194.38638277518098,104076.8,104429.75
2025-11-05 22:45:00+00:00,2025-11-06 01:05:00+00:00,BUY,103571.83,103273.57603821934,104168.33792356132,103273.57603821934,-1.486164747433044,-1.486164747433044,SL,35.46804126713642,26.146395255797714,25.67175382850397,157.36980890329974,103305.05,103692.25
2025-11-07 13:10:00+00:00,2025-11-07 15:15:00+00:00,BUY,99879.62,99211.08512671579,101216.68974656842,101216.68974656842,1.7908389321366722,1.7908389321366722,TP,32.02603838315713,19.788880302138782,38.480133631542785,248.87436642105556,99260.86,99900.17
2025-11-10 10:05:00+00:00,2025-11-10 14:35:00+00:00,SELL,106342.44,106625.60552999114,105776.10894001773,105776.10894001773,1.474231852991922,1.474231852991922,TP,76.02830934199545,84.075005579624,25.057762765179092,130.67764995569817,106320.0,106599.47
2025-11-15 14:25:00+00:00,2025-11-15 16:05:00+00:00,SELL,96255.11,96500.9031138251,95763.5237723498,95763.5237723498,1.4517456087240532,1.4517456087240532,TP,74.57715934200621,82.68785079945249,27.821698735072708,148.4155691254919,96156.17,96471.22
2025-11-17 18:50:00+00:00,2025-11-17 19:05:00+00:00,BUY,92855.43,92348.29722246893,93869.69555506212,92348.29722246893,-1.2563383945184596,-1.2563383945184596,SL,31.03976344033229,19.092602439816677,25.55374812680898,325.06388765533654,92413.31,93068.1
2025-11-18 09:05:00+00:00,2025-11-18 09:55:00+00:00,SELL,91067.96,91485.33124113416,90233.2175177317,91485.33124113416,-1.3054717992872429,-1.3054717992872429,SL,77.37648933024263,85.84544500732586,37.601642725101556,226.65620567082328,91056.32,91440.0
2025-11-18 16:45:00+00:00,2025-11-19 00:15:00+00:00,SELL,93330.56,93908.38134139348,92174.91731721302,92174.91731721302,1.7738699237295548,1.7738699237295548,TP,75.576137418756,83.9511999048692,28.470746568538367,361.8567069674173,93304.36,93836.01
2025-11-24 02:35:00+00:00,2025-11-24 10:25:00+00:00,SELL,87335.84,88118.06988210086,85771.38023579828,85771.38023579828,1.843690226111517,1.843690226111517,TP,77.09984231723358,88.18999370591699,25.779091482468534,293.14941050428433,87275.64,88059.44
2025-11-25 08:25:00+00:00,2025-11-25 08:45:00+00:00,BUY,87503.54,87272.7848259633,87965.05034807338,87272.7848259633,-1.5308871470007488,-1.5308871470007488,SL,22.636563906436834,18.69949178257436,31.015453691946636,136.0758701834981,87300.0,87606.57
2025-11-25 19:50:00+00:00,2025-11-25 22:55:00+00:00,BUY,86649.96,86135.97664376286,87677.9267124743,87677.9267124743,1.7639807932924034,1.7639807932924034,TP,23.102410560481346,16.388900664873958,34.707649021765114,232.56678118570704,86182.49,86693.7
2025-11-26 04:30:00+00:00,2025-11-26 07:55:00+00:00,BUY,87242.11,86879.4002679769,87967.5294640462,87967.5294640462,1.663259782640124,1.663259782640124,TP,21.40519384498475,12.045834323747819,25.692033025444765,152.94866011549487,86909.99,87250.0
2025-11-28 00:30:00+00:00,2025-11-28 01:05:00+00:00,BUY,91232.01,91049.70260311442,91596.62479377115,91049.70260311442,-1.7006013808653426,-1.7006013808653426,SL,26.934518731047373,17.801638774563383,26.66959228555232,112.98698442794543,91072.3,91295.99
2025-11-28 05:05:00+00:00,2025-11-28 05:10:00+00:00,SELL,91316.85,91503.54801056055,90943.45397887891,91503.54801056055,-1.6847613941688988,-1.6847613941688988,SL,74.00442514154824,82.48887088123313,35.8117834498468,86.29005280281856,91316.85,91486.29
2025-11-28 08:15:00+00:00,2025-11-28 08:50:00+00:00,BUY,91125.77,90844.10707111124,91689.09585777753,91689.09585777753,1.547061168101453,1.547061168101453,TP,26.82251205663732,17.885403205422595,23.965981635213854,116.61464444377657,90867.43,91241.26
2025-12-02 21:00:00+00:00,2025-12-02 22:00:00+00:00,BUY,91026.66,90672.3437506946,91735.2924986108,91735.2924986108,1.6403288749815208,1.6403288749815208,TP,16.879520775518255,13.415810778447508,35.657104190636694,242.63124652697434,90720.87,91175.86
2025-12-04 03:20:00+00:00,2025-12-04 13:00:00+00:00,SELL,93657.14,94119.99370152797,92731.43259694405,92731.43259694405,1.7167139518013,1.7167139518013,TP,65.6271282981587,79.79493505477244,34.69438283440669,199.96850763987482,93652.39,94080.0
2025-12-05 07:45:00+00:00,2025-12-05 08:40:00+00:00,SELL,92311.39,92516.73738338791,91900.69523322418,91900.69523322418,1.370647222926297,1.370647222926297,TP,75.4174658145518,83.18039738611178,27.157931766190103,96.1369169395725,92296.01,92497.51
2025-12-06 03:30:00+00:00,2025-12-06 14:15:00+00:00,SELL,89555.46,89827.50902904,89011.36194192003,89827.50902904,-1.460864148063436,-1.460864148063436,SL,71.91696835863418,82.8039296685452,26.944170937600887,105.39514520000047,89546.0,89806.43
2025-12-08 11:05:00+00:00,2025-12-08 13:20:00+00:00,SELL,92019.96,92242.43749460937,91575.00501078127,91575.00501078127,1.4209394337786847,1.4209394337786847,TP,69.6536284055308,81.61182267048632,35.5816279198479,102.18747304684025,91989.15,92222.0
2025-12-09 08:35:00+00:00,2025-12-09 10:05:00+00:00,SELL,90440.01,90619.23365995941,90081.56268008116,90081.56268008116,1.2935306977400756,1.2935306977400756,TP,68.8136069138762,83.28282260451816,34.77988949050725,96.21829979703784,90422.0,90599.99
2025-12-09 13:05:00+00:00,2025-12-09 13:25:00+00:00,SELL,90499.05,90684.63936133088,90127.87127733826,90684.63936133088,-1.682682827784072,-1.682682827784072,SL,69.42874158228503,80.68103252824073,25.696996231557552,100.34680665434963,90497.16,90664.57
2025-12-14 22:55:00+00:00,2025-12-14 23:10:00+00:00,BUY,88315.35,87990.56375942491,88964.92248115019,87990.56375942491,-1.3806857389680989,-1.3806857389680989,SL,34.33153079617737,22.650457626888066,39.35258956477092,132.18120287540373,88017.0,88316.1
2025-12-16 08:00:00+00:00,2025-12-16 09:20:00+00:00,BUY,86021.51,85824.99667478603,86414.53665042792,86414.53665042792,1.3871656597898614,1.3871656597898614,TP,24.393111918263006,17.143958924809912,28.94797907849207,125.01662606981158,85850.0,86114.05
2025-12-18 04:55:00+00:00,2025-12-18 05:15:00+00:00,SELL,86798.88,86922.87126457496,86550.89747085009,86550.89747085009,1.019943603151675,1.019943603151675,TP,78.87811609969117,85.34100803662028,28.525404847606385,107.35632287483884,86770.49,86901.4
2025-12-24 21:55:00+00:00,2025-12-24 22:05:00+00:00,SELL,87693.46,87807.05263577552,87466.27472844899,87807.05263577552,-2.08079932437372,-2.08079932437372,SL,73.83701472557162,81.34791517219433,28.302621740462815,57.01317887763851,87676.98,87795.65
2025-12-29 07:40:00+00:00,2025-12-29 08:00:00+00:00,BUY,89674.36,89485.10571344114,90052.86857311772,89485.10571344114,-1.6633620103550635,-1.6633620103550635,SL,19.080855066030566,10.940911680771684,34.27446999340731,109.62143279431218,89507.03,89683.02
2025-12-30 23:55:00+00:00,2025-12-31 00:15:00+00:00,SELL,88506.0,88588.37481122641,88341.25037754717,88341.25037754717,0.49579746338445174,0.49579746338445174,TP,85.05759198963892,87.81290480691898,35.93798558054906,73.62405613213298,88475.04,88573.65
2026-01-02 02:45:00+00:00,2026-01-02 03:05:00+00:00,BUY,88488.85,88364.35262050576,88737.8447589885,88737.8447589885,1.0049237140310827,1.0049237140310827,TP,27.83331461416285,20.41680859731501,26.491679315308748,77.63689747122395,88379.88,88519.71
2026-01-06 00:55:00+00:00,2026-01-06 01:25:00+00:00,BUY,93740.75,93532.8933620678,94156.4632758644,94156.4632758644,1.3686174696869307,1.3686174696869307,TP,27.65687514976945,15.848723216735474,28.969723555265613,115.18318966099322,93555.93,93772.82
2026-01-06 08:05:00+00:00,2026-01-06 11:10:00+00:00,BUY,93340.01,93116.91002456166,93786.20995087667,93786.20995087667,1.4142714998365495,1.4142714998365495,TP,21.240893014334493,15.314563692892193,30.299026159783327,105.34987719172571,93137.98,93357.87
2026-01-08 18:15:00+00:00,2026-01-09 01:25:00+00:00,SELL,91172.63,91505.47616042415,90506.93767915171,91505.47616042415,-1.3834855172652325,-1.3834855172652325,SL,73.34590281729875,83.47032379654586,32.09934414690734,182.38080212073933,91167.45,91469.0
2026-01-09 19:50:00+00:00,2026-01-09 21:05:00+00:00,BUY,90518.88,90153.74850082412,91249.14299835177,90153.74850082412,-1.3470706643661978,-1.3470706643661978,SL,29.04436770784245,20.672889385125544,31.455824543139776,181.25749587942408,90190.0,90563.62
2026-01-10 05:15:00+00:00,2026-01-10 10:15:00+00:00,BUY,90532.18,90400.14335274302,90796.25329451394,90796.25329451394,1.0400767163276603,1.0400767163276603,TP,34.7011465913264,21.109399480901903,31.69919001147036,40.43323628490028,90408.23,90532.18
2026-01-10 18:30:00+00:00,2026-01-10 22:00:00+00:00,BUY,90580.14,90499.2995787659,90741.8208424682,90499.2995787659,-2.5686731224813593,-2.5686731224813593,SL,22.71967971284526,17.002830123559026,29.430022228412533,26.252106170485888,90504.55,90580.15
2026-01-12 08:15:00+00:00,2026-01-12 08:30:00+00:00,BUY,91548.01,91275.56486593692,92092.90026812615,91275.56486593692,-1.470433118362564,-1.470433118362564,SL,27.56121342367355,16.50749725890308,30.263506392085134,121.87567031541164,91299.94,91630.13
2026-01-14 15:40:00+00:00,2026-01-14 16:05:00+00:00,SELL,96505.53,97142.25825703338,95232.07348593324,97142.25825703338,-1.2121905860272157,-1.2121905860272157,SL,77.56935531641837,82.74921104872632,37.46601178356134,287.89128516688686,96340.04,97084.68
2026-01-16 22:05:00+00:00,2026-01-17 02:35:00+00:00,SELL,95477.93,95593.58635846035,95246.61728307928,95246.61728307928,0.8442563488991675,0.8442563488991675,TP,69.68976558968565,78.05956205676051,26.94105108657912,97.93179230172859,95385.73,95574.0
2026-01-18 19:20:00+00:00,2026-01-18 23:00:00+00:00,SELL,95422.61,95534.02593542918,95199.77812914165,95199.77812914165,0.800964570414441,0.800964570414441,TP,74.10580675449613,80.30639424377748,32.366220928735906,61.5796771458371,95380.0,95521.71
2026-01-20 17:10:00+00:00,2026-01-20 17:30:00+00:00,BUY,90407.93,89976.69901709772,91270.39196580453,89976.69901709772,-1.2935111506788108,-1.2935111506788108,SL,26.00280554094287,17.61914781693778,28.980586872755318,236.45491451142092,90023.99,90499.67
2026-01-23 16:30:00+00:00,2026-01-23 16:35:00+00:00,SELL,89575.46,90015.17226840583,88696.03546318835,90015.17226840583,-1.2851993292219412,-1.2851993292219412,SL,76.3862168215695,81.26520716025261,26.588572176322174,230.06134202913043,89518.0,89969.16
2026-01-23 20:00:00+00:00,2026-01-23 20:30:00+00:00,BUY,89982.79,89566.99345111163,90814.38309777672,89566.99345111163,-1.3029748715731235,-1.3029748715731235,SL,24.301761478454754,19.33843226440199,34.913580562337465,225.08274444181552,89612.01,90020.0
2026-01-26 23:55:00+00:00,2026-01-27 01:35:00+00:00,SELL,88402.01,88681.56159984326,87842.90680031346,88681.56159984326,-1.4427190331566282,-1.4427190331566282,SL,72.32553395163482,81.73611822645434,35.51542507331544,112.35799921630655,88402.0,88659.09
2026-01-27 07:05:00+00:00,2026-01-27 08:20:00+00:00,BUY,88431.67,88265.3049976479,88764.4000047042,88265.3049976479,-1.7441729705745064,-1.7441729705745064,SL,33.11387926033503,20.795623758378202,30.622744565284766,63.62501176055713,88278.03,88431.68
2026-01-27 17:10:00+00:00,2026-01-27 20:15:00+00:00,SELL,88171.6,88861.12962161307,86792.54075677387,88861.12962161307,-1.1790209385221586,-1.1790209385221586,SL,59.22846117799208,75.67474521142863,30.64758750347114,206.1981080653434,88171.59,88819.89
2026-01-29 19:20:00+00:00,2026-01-29 23:35:00+00:00,BUY,83792.89,83326.9175904517,84724.83481909659,84724.83481909659,1.7482467983164112,1.7482467983164112,TP,24.312470935359872,18.325884251956,38.08506743841465,282.0620477415013,83383.33,83949.0
2026-02-01 07:35:00+00:00,2026-02-01 09:55:00+00:00,BUY,78267.27,77937.41862811155,78926.9727437769,78926.9727437769,1.667807420740223,1.667807420740223,TP,26.815037968574188,18.972091508609978,34.11923550414066,151.35685944220626,77967.69,78298.74
2026-02-03 15:30:00+00:00,2026-02-03 16:20:00+00:00,BUY,77736.78,76981.02248535071,79248.29502929858,76981.02248535071,-1.144003188708621,-1.144003188708621,SL,28.322056746640026,21.487056521181273,23.598055787978865,372.587573246416,77055.54,78112.0
2026-02-04 18:10:00+00:00,2026-02-04 18:25:00+00:00,BUY,72583.17,72177.72894729921,73394.05210540157,73394.05210540157,1.7493681576567122,1.7493681576567122,TP,23.83459687235968,20.59562112704229,37.38315940254224,479.7552635038811,72273.68,72950.0
2026-02-05 11:45:00+00:00,2026-02-05 12:15:00+00:00,BUY,70493.71,69862.79638274325,71755.53723451351,69862.79638274325,-1.1564258423032854,-1.1564258423032854,SL,28.3443109800539,18.20188109916349,30.040878584518772,296.0180862836999,69922.0,70728.88
2026-02-06 00:35:00+00:00,2026-02-06 13:20:00+00:00,BUY,62324.8,59846.23959119264,67281.92081761472,67281.92081761472,1.9647962100540508,1.9647962100540508,TP,34.820898610076654,20.71330279337453,30.874817391763283,768.8020440368002,60000.0,62431.83
2026-02-11 15:40:00+00:00,2026-02-11 19:40:00+00:00,BUY,66396.01,65673.76539159467,67840.49921681064,67840.49921681064,1.8712978775913076,1.8712978775913076,TP,22.20265775129423,18.768280363832346,28.33478019972361,411.1730420266307,65756.0,68834.34
2026-02-12 05:35:00+00:00,2026-02-12 10:55:00+00:00,BUY,67091.06,66636.85270660646,67999.47458678708,67999.47458678708,1.7932056896351556,1.7932056896351556,TP,38.444968331311976,22.163962397253528,28.32105810890559,167.98646696768589,66670.45,67115.4
2026-02-12 23:40:00+00:00,2026-02-13 00:05:00+00:00,SELL,66231.47,66521.39044535869,65651.62910928263,66521.39044535869,-1.3198258676971983,-1.3198258676971983,SL,77.4596574376829,86.08826377442597,26.136885568602544,162.452226793431,66231.45,66488.9
2026-02-13 06:55:00+00:00,2026-02-13 08:45:00+00:00,BUY,66217.01,65980.74871465378,66689.53257069243,66689.53257069243,1.6076216470923246,1.6076216470923246,TP,24.782524518149103,17.376007263647583,26.552809076709828,111.15642673107493,66002.98,66223.21
2026-02-17 15:50:00+00:00,2026-02-18 08:15:00+00:00,BUY,67179.88,66569.43465842358,68400.77068315286,68400.77068315286,1.8459291510733489,1.8459291510733489,TP,30.21595923030104,17.35122916243141,30.496053548514144,258.12670788211165,66621.06,67253.76
2026-02-26 08:15:00+00:00,2026-02-26 09:50:00+00:00,BUY,68048.93,67769.07518229434,68608.6396354113,68608.6396354113,1.6595788388384913,1.6595788388384913,TP,29.382953952387073,17.616344457830042,32.559637638035426,114.62408852827352,67792.0,68049.72
2026-03-01 10:05:00+00:00,2026-03-01 10:30:00+00:00,BUY,66347.26,66215.41152433529,66610.95695132941,66610.95695132941,1.2955082451145654,1.2955082451145654,TP,18.531853600045128,14.547777777989738,39.394592318767685,157.69237832355674,66246.95,66504.54
2026-03-02 13:25:00+00:00,2026-03-02 13:30:00+00:00,BUY,66048.98,65756.58636272147,66633.76727455705,65756.58636272147,-1.316246867957381,-1.316246867957381,SL,29.660547209900443,18.364627432630346,27.233484587783295,130.26818639264087,65782.64,66079.73
2026-03-05 16:35:00+00:00,2026-03-05 17:30:00+00:00,BUY,71171.62,70725.89669094366,72063.06661811267,70725.89669094366,-1.22354735768913,-1.22354735768913,SL,28.125363082558874,20.407370368391696,32.89228582940296,300.81654528170935,70786.06,71223.96
2026-03-06 09:50:00+00:00,2026-03-06 11:50:00+00:00,BUY,70485.68,70271.6992737631,70913.64145247379,70271.6992737631,-1.4611628053395367,-1.4611628053395367,SL,22.124728730952324,14.059289836539238,28.995064198916314,141.5036311845601,70300.0,70614.65
2026-03-08 22:40:00+00:00,2026-03-09 03:00:00+00:00,BUY,66022.0,65564.40627616561,66937.18744766878,66937.18744766878,1.7980068449683282,1.7980068449683282,TP,26.647868534351904,18.320941149307306,35.810952488039575,270.4186191719958,65618.49,66282.87
2026-03-10 19:20:00+00:00,2026-03-10 19:30:00+00:00,BUY,70240.2,69823.82880150413,71072.94239699173,69823.82880150413,-1.236174548948723,-1.236174548948723,SL,26.839199276481725,18.634090625414654,33.44496590685228,244.25599247930367,69872.68,70290.0
2026-03-15 02:35:00+00:00,2026-03-15 02:40:00+00:00,SELL,71201.54,71399.31682864607,70805.98634270784,71399.31682864607,-1.5040133198736922,-1.5040133198736922,SL,72.01926397789566,78.13956363977435,26.384528991810647,96.58414323037823,71175.61,71380.0
2026-03-17 01:45:00+00:00,2026-03-17 03:15:00+00:00,SELL,75678.17,76051.01960569888,74932.47078860224,74932.47078860224,1.7158386749493668,1.7158386749493668,TP,77.93974981309641,84.62225478746798,28.103402658882533,255.09802849435803,75507.51,76000.0
2026-03-17 04:10:00+00:00,2026-03-17 04:30:00+00:00,BUY,74611.28,74231.33267242444,75371.17465515112,74231.33267242444,-1.2749217705162756,-1.2749217705162756,SL,23.83313289063786,16.580767323162053,30.866231825836472,186.98663787779077,74268.73,74654.14
2026-03-24 14:10:00+00:00,2026-03-24 14:10:00+00:00,BUY,70318.25,69930.45796738322,71093.83406523356,69930.45796738322,-1.2538617138049475,-1.2538617138049475,SL,24.712417282751783,16.749345837385214,30.368227427646435,187.81016308390628,69968.02,70462.91
2026-03-25 11:50:00+00:00,2026-03-25 15:15:00+00:00,SELL,71591.02,72053.00558932745,70667.0488213451,70667.0488213451,1.7830507480852182,1.7830507480852182,TP,63.21194745175211,77.45724229374872,32.82922597313984,134.57794663727336,71528.84,72026.09
2026-03-28 10:05:00+00:00,2026-03-28 10:20:00+00:00,BUY,66379.83,66232.82605042208,66673.83789915584,66232.82605042208,-1.632171872026752,-1.632171872026752,SL,44.3409686865728,24.77535280798897,33.455426971014084,50.91974788953242,66243.01,66379.83
2026-03-28 22:25:00+00:00,2026-03-28 23:05:00+00:00,BUY,66771.63,66573.91228859554,67167.06542280893,66573.91228859554,-1.4727967026118987,-1.4727967026118987,SL,35.95356579628393,21.99273853484954,25.89894340613653,71.53855702228144,66588.22,66787.49
2026-04-01 03:05:00+00:00,2026-04-01 04:45:00+00:00,BUY,67794.98,67554.1035678266,68276.73286434678,68276.73286434678,1.6059682089126985,1.6059682089126985,TP,35.645018900543015,24.193905467179764,37.04478376117276,123.23216086697899,67578.75,67802.66
2026-04-01 16:10:00+00:00,2026-04-01 17:00:00+00:00,SELL,68793.85,68997.37307639851,68386.803847203,68997.37307639851,-1.4732209816415145,-1.4732209816415145,SL,74.26407491698747,80.7238502190725,33.63595898893307,161.8653819925041,68703.85,68965.0
2026-04-01 18:35:00+00:00,2026-04-02 01:05:00+00:00,BUY,68175.85,67909.40911380498,68708.73177239005,67909.40911380498,-1.358226514567806,-1.358226514567806,SL,22.12573118342151,16.212833443378738,31.19176298213631,149.3544309750976,67939.28,68175.85
2026-04-05 21:15:00+00:00,2026-04-05 22:00:00+00:00,SELL,67521.88,67722.08986984464,67121.46026031073,67722.08986984464,-1.472157701682523,-1.472157701682523,SL,67.96867320361575,77.11466726349663,29.046060768834334,81.74934922319851,67408.07,67705.74
2026-04-09 19:00:00+00:00,2026-04-09 19:45:00+00:00,BUY,71888.69,71714.76545706045,72236.5390858791,72236.5390858791,1.4213343079764251,1.4213343079764251,TP,18.814300147790746,17.55147192428043,28.928102972040005,164.57271469774648,71747.68,71954.58
2026-04-10 05:55:00+00:00,2026-04-10 07:05:00+00:00,SELL,72109.71,72284.8698531639,71759.39029367223,71759.39029367223,1.4236487860860287,1.4236487860860287,TP,70.75741469615862,78.46492584611896,31.56519100199798,84.8992658194828,72109.7,72267.89
2026-04-11 23:25:00+00:00,2026-04-12 00:00:00+00:00,BUY,73198.37,72885.11478246393,73824.88043507212,72885.11478246393,-1.3271381042143469,-1.3271381042143469,SL,32.28422842284255,20.66651424960759,25.175719629623973,111.42608768029372,72907.4,73204.97
2026-04-13 01:20:00+00:00,2026-04-13 02:00:00+00:00,SELL,71106.16,71251.50724349951,70815.46551300099,71251.50724349951,-1.6849020428814576,-1.6849020428814576,SL,73.30517547996318,79.13821808540489,25.372829995719822,121.13621749755048,71063.4,71227.28
2026-04-20 10:35:00+00:00,2026-04-20 12:15:00+00:00,SELL,75176.67,75428.61077950022,74672.78844099956,75428.61077950022,-1.4177463378845685,-1.4177463378845685,SL,66.25884330710466,79.79450478998398,36.80030755414426,119.90389750108032,75176.66,75404.63
2026-04-22 21:10:00+00:00,2026-04-22 23:20:00+00:00,BUY,78577.85,78391.0787870412,78951.39242591761,78391.0787870412,-1.58900399187462,-1.58900399187462,SL,21.029650910886915,11.430142796544517,31.421836355122103,94.6060647939904,78410.0,78582.24
2026-04-23 06:45:00+00:00,2026-04-23 08:35:00+00:00,SELL,78178.39,78358.61945562868,77817.93108874264,77817.93108874264,1.392719987872041,1.392719987872041,TP,79.92643574355287,85.92334121771573,27.957310974106345,96.34727814339134,78137.17,78339.35
2026-04-24 12:00:00+00:00,2026-04-24 13:00:00+00:00,SELL,78240.27,78394.80115162783,77931.20769674434,78394.80115162783,-1.7088303998652967,-1.7088303998652967,SL,80.13423103630397,83.14867461792996,38.50419150814634,111.10575813913269,78172.65,78372.58
2026-04-28 03:00:00+00:00,2026-04-28 06:40:00+00:00,BUY,76890.92,76651.15729450563,77370.44541098874,76651.15729450563,-1.4489742797072596,-1.4489742797072596,SL,24.84354428553395,14.79417477652111,28.435729026713457,107.01352747186255,76672.56,76901.96
2026-04-30 05:05:00+00:00,2026-04-30 05:25:00+00:00,BUY,75519.8,75395.11438021036,75769.17123957929,75395.11438021036,-1.8479544006628394,-1.8479544006628394,SL,14.693328365106105,12.274515796737779,33.457848169781535,97.27809894823027,75414.57,75596.07
2026-05-02 05:35:00+00:00,2026-05-02 13:10:00+00:00,BUY,78153.51,78028.7062707716,78403.11745845679,78403.11745845679,1.1233041298007718,1.1233041298007718,TP,28.390887775853155,16.56710398179227,25.20301029252156,56.46864614201785,78040.0,78176.74
2026-05-10 16:25:00+00:00,2026-05-10 17:50:00+00:00,SELL,81278.45,81518.2211187393,80798.9077625214,81518.2211187393,-1.4745768823130125,-1.4745768823130125,SL,76.80263925453117,87.25815024248608,29.821726144125456,91.10559369650775,81276.04,81500.0
2026-05-14 13:40:00+00:00,2026-05-14 14:15:00+00:00,SELL,79859.94,80084.56315552417,79410.69368895167,80084.56315552417,-1.4977399402083034,-1.4977399402083034,SL,77.1827380891973,82.39050886630952,37.40085240962767,124.2657776207878,79693.59,80059.71
2026-05-15 00:10:00+00:00,2026-05-15 02:00:00+00:00,BUY,81301.15,81044.45270763629,81814.54458472741,81044.45270763629,-1.4434079103519688,-1.4434079103519688,SL,29.645158634412372,14.668121430388334,25.0656137335614,77.38646181852654,81059.93,81306.71
2026-05-15 04:45:00+00:00,2026-05-15 04:50:00+00:00,BUY,80932.03,80862.98784152168,81070.11431695663,80862.98784152168,-2.641096461889763,-2.641096461889763,SL,23.79414707042802,18.636044469814333,26.494229678236373,102.76079239156648,80883.54,81043.51
2026-05-16 23:20:00+00:00,2026-05-16 23:50:00+00:00,BUY,78251.75,78149.50832151143,78456.23335697714,78149.50832151143,-2.0715048072322624,-2.0715048072322624,SL,45.71677133458466,27.321039349286526,25.5415021289333,35.80839244281481,78156.67,78267.46
2026-05-18 20:45:00+00:00,2026-05-18 22:15:00+00:00,SELL,76966.22,77204.39333334872,76489.87333330256,77204.39333334872,-1.4524129821126286,-1.4524129821126286,SL,75.08192559471982,86.07907869294367,36.25463346162678,111.26666674358857,76960.81,77182.14
2026-05-19 15:05:00+00:00,2026-05-20 06:45:00+00:00,BUY,76528.4,76108.89966932047,77367.40066135905,77367.40066135905,1.7446014885698657,1.7446014885698657,TP,28.235214324470302,21.259274735765384,32.10901739823131,179.05165339768186,76144.71,76534.72
2026-05-21 21:45:00+00:00,2026-05-22 00:10:00+00:00,SELL,77722.12,77826.86832115312,77512.62335769375,77512.62335769375,0.9612151602798527,0.9612151602798527,TP,67.12157809983499,80.72191787141618,25.337893246500595,67.5916057655523,77701.78,77813.35
2026-05-25 00:45:00+00:00,2026-05-25 00:45:00+00:00,SELL,77124.71,77279.81607552522,76814.49784894958,77279.81607552522,-1.6961338789237161,-1.6961338789237161,SL,73.32385871176048,82.02235126187757,39.44405369602817,106.13037762607917,77124.7,77258.59
2026-05-26 07:55:00+00:00,2026-05-26 10:05:00+00:00,BUY,76770.0,76591.69046270789,77126.61907458422,76591.69046270789,-1.6027608036687808,-1.6027608036687808,SL,24.45875330297442,16.257759523078303,27.434103621132902,60.197686460488626,76603.73,76770.01
2026-05-26 11:15:00+00:00,2026-05-26 14:15:00+00:00,SELL,77267.74,77643.95708396209,76515.30583207584,77643.95708396209,-1.2875330244463405,-1.2875330244463405,SL,76.11606639544112,80.7333391314989,38.19873219135983,111.0354198104051,77260.0,77621.75
2026-05-26 18:20:00+00:00,2026-05-26 18:55:00+00:00,BUY,76119.42,75835.28654081111,76687.68691837777,75835.28654081111,-1.3750603265951709,-1.3750603265951709,SL,26.509708019960772,20.730927607615538,34.99643460825321,142.46729594441675,75863.78,76148.33
2026-05-26 19:30:00+00:00,2026-05-26 22:10:00+00:00,BUY,75916.68,75782.65222246354,76184.7355550729,75782.65222246354,-1.7929949593553003,-1.7929949593553003,SL,23.323758664399378,21.134171229242487,34.06151965511013,112.88888768224103,75805.23,76273.66
2026-05-27 14:05:00+00:00,2026-05-27 14:25:00+00:00,BUY,75218.76,74835.19918873293,75985.88162253411,74835.19918873293,-1.2745490699431206,-1.2745490699431206,SL,24.12007690360832,15.061204278811033,35.977742955238426,154.9040563352598,74866.18,75274.11
2026-05-27 22:10:00+00:00,2026-05-27 22:15:00+00:00,BUY,74547.5,74312.84837450221,75016.80325099558,74312.84837450221,-1.4447721160192122,-1.4447721160192122,SL,23.316907630475296,16.774522014996702,33.9024047383269,144.5581274889331,74341.76,74775.5
2026-05-28 21:00:00+00:00,2026-05-28 21:20:00+00:00,SELL,73580.0,73739.06889679277,73261.86220641446,73739.06889679277,-1.647593603004617,-1.647593603004617,SL,83.2163121306205,89.42058780960387,24.51445650945281,88.09448396384605,73572.0,73721.45
2026-05-29 00:55:00+00:00,2026-05-29 02:25:00+00:00,SELL,73710.25,73870.5480402233,73389.65391955341,73389.65391955341,1.3562344876066392,1.3562344876066392,TP,74.29587007734212,83.59531900403465,27.280572925722616,78.8902011164261,73710.25,73854.77
2026-05-31 03:45:00+00:00,2026-05-31 06:00:00+00:00,SELL,74168.0,74239.15998337735,74025.6800332453,74025.6800332453,0.5408203449208593,0.5408203449208593,TP,87.0340083459713,90.99073510146786,25.597040369217005,61.899916886760955,74139.07,74226.78
2026-05-31 06:35:00+00:00,2026-05-31 07:10:00+00:00,BUY,74080.0,73977.4339667004,74285.13206659921,73977.4339667004,-2.0111729650014603,-2.0111729650014603,SL,27.241727062706662,19.357571697130215,25.04843805666456,39.5301664979958,73985.34,74109.39
2026-05-31 08:05:00+00:00,2026-05-31 09:55:00+00:00,BUY,73943.33,73827.89275376845,74174.2044924631,73827.89275376845,-1.8967700233627514,-1.8967700233627514,SL,29.255839585598824,20.345445086005483,36.78385424438109,40.536231157732004,73836.0,73945.31
2026-06-01 05:00:00+00:00,2026-06-01 05:35:00+00:00,BUY,73536.01,73330.40643903226,73947.21712193546,73330.40643903226,-1.5007229131413538,-1.5007229131413538,SL,25.494482194817977,18.667441488986928,24.84176306952356,91.66780483869283,73348.74,73589.51
2026-06-04 14:30:00+00:00,2026-06-04 17:15:00+00:00,SELL,64144.0,64551.71833925493,63328.563321490146,63328.563321490146,1.779745987967808,1.779745987967808,TP,76.8593747444231,81.69407575387076,37.931329474176195,283.9916962746594,64052.0,64494.92
2026-06-05 19:30:00+00:00,2026-06-05 20:45:00+00:00,BUY,59858.28,59065.0506645713,61444.73867085739,61444.73867085739,1.8943538920497565,1.8943538920497565,TP,29.681801840370166,19.698157195404434,33.44439796776781,329.29667714351893,59130.91,59869.98
2026-06-05 23:55:00+00:00,2026-06-06 04:05:00+00:00,BUY,61011.99,60466.377295905775,62103.215408188444,60466.377295905775,-1.156552047558719,-1.156552047558719,SL,25.172882136280077,19.137430939226597,28.846585638633506,258.1135204711242,60518.0,61049.87
2026-06-06 04:55:00+00:00,2026-06-07 05:10:00+00:00,BUY,60267.29,59447.39707154507,61907.07585690986,61907.07585690986,1.897091189505682,1.897091189505682,TP,33.107857491459406,21.684886936717103,37.71605898639011,263.01464227466505,59500.0,60302.21
2026-06-08 13:30:00+00:00,2026-06-08 14:55:00+00:00,SELL,63593.01,63983.65389475738,62811.72221048525,63983.65389475738,-1.2279063238791825,-1.2279063238791825,SL,78.025573073095,83.45725778993462,26.090875149804948,200.46947378691206,63576.0,63943.56
2026-06-10 03:10:00+00:00,2026-06-10 04:35:00+00:00,BUY,61466.9,61208.998163273005,61982.703673453994,61208.998163273005,-1.3336682711999939,-1.3336682711999939,SL,25.164357740355616,15.443275837883059,27.900281268883166,131.45918363499416,61235.29,61478.0
2026-06-10 22:35:00+00:00,2026-06-11 00:15:00+00:00,BUY,61303.31,61075.787927962454,61758.354144075085,61758.354144075085,1.622785458872588,1.622785458872588,TP,27.704005431093425,19.71998419669676,37.51708470069563,142.2603601877121,61104.24,61438.0
2026-06-12 15:35:00+00:00,2026-06-13 21:40:00+00:00,SELL,63934.02,64431.37647716974,62939.30704566051,64431.37647716974,-1.1799667484162513,-1.1799667484162513,SL,72.22724189589228,82.72284634421017,31.64344963592401,184.682385848672,63934.0,64394.44
2026-06-14 13:20:00+00:00,2026-06-14 13:25:00+00:00,BUY,64328.02,64285.337285145506,64413.38542970898,64285.337285145506,-3.1099695346704177,-3.1099695346704177,SL,17.90990161768747,15.569523020328262,27.884687316921276,48.61357427246896,64295.06,64398.14
2026-06-14 15:05:00+00:00,2026-06-14 17:35:00+00:00,BUY,64135.52,63849.47045415258,64707.61909169483,63849.47045415258,-1.3138957194775442,-1.3138957194775442,SL,30.622082528321396,17.264879430834068,37.631595077690115,85.94772923712613,63866.66,64153.75
2026-06-18 08:40:00+00:00,2026-06-18 08:55:00+00:00,SELL,64586.0,64663.648823246855,64430.70235350629,64430.70235350629,0.8355213096720977,0.8355213096720977,TP,81.88469445970513,84.00632384467609,38.40377693941726,84.49411623427712,64524.0,64646.75
2026-06-18 22:50:00+00:00,2026-06-19 03:10:00+00:00,BUY,62865.99,62726.66247010743,63144.64505978513,62726.66247010743,-1.6316941531071838,-1.6316941531071838,SL,34.24067098978795,23.64351303342214,29.34362308147862,76.68764946285326,62742.0,62865.99
2026-06-20 07:05:00+00:00,2026-06-20 07:20:00+00:00,SELL,63655.99,63773.44371077841,63421.08257844317,63773.44371077841,-1.758753260406818,-1.758753260406818,SL,63.399396292515405,83.36393371173035,37.780790926486354,57.268553892063814,63638.0,63761.99
2026-06-25 22:15:00+00:00,2026-06-26 02:10:00+00:00,SELL,59887.05,60300.747301345466,59059.65539730908,59059.65539730908,1.7973352261972169,1.7973352261972169,TP,66.87791076207303,79.6629239818141,28.285597371355323,134.68650672732156,59879.66,60273.81
2026-06-29 18:00:00+00:00,2026-06-30 00:30:00+00:00,SELL,60413.99,60716.13545922107,59809.699081557854,59809.699081557854,1.7200699748457404,1.7200699748457404,TP,78.48959412890578,83.89176008061649,35.725337457851516,161.47729610537115,60404.0,60683.84
2026-06-30 04:35:00+00:00,2026-06-30 05:10:00+00:00,BUY,59664.0,59415.75204952331,60160.49590095338,59415.75204952331,-1.3364764939231337,-1.3364764939231337,SL,26.64077391045093,16.73629389614833,34.25606014875892,88.03975238344087,59433.36,59664.0
2026-06-30 20:25:00+00:00,2026-07-01 00:25:00+00:00,SELL,58720.34,58894.40174152382,58372.21651695235,58372.21651695235,1.5277050816548994,1.5277050816548994,TP,68.78446028560238,83.9177291147498,33.657417179627416,97.0587076191003,58689.6,58874.99
2026-07-01 11:15:00+00:00,2026-07-01 11:55:00+00:00,BUY,58706.0,58572.79012841343,58972.419743173145,58572.79012841343,-1.6169843046998682,-1.6169843046998682,SL,24.57159788316649,17.66977495177733,27.895038594802934,76.04935793284365,58588.0,58742.94
2026-07-02 07:55:00+00:00,2026-07-02 08:05:00+00:00,BUY,60144.33,60087.25555884817,60258.478882303665,60258.478882303665,0.524697565132485,0.524697565132485,TP,10.242046619940213,7.580566152534978,27.848571677814327,87.17220575916113,60104.69,60227.9
2026-07-03 02:00:00+00:00,2026-07-03 05:35:00+00:00,SELL,61588.0,61750.7588244035,61262.482351193,61750.7588244035,-1.5297605233756286,-1.5297605233756286,SL,75.63612235616925,81.92121172458003,27.941384660741196,88.24412201750683,61588.0,61733.11
